{
  "0": [
    "Учебный год:",
    "2019 - 2020"
  ],
  "1": [
    "Семестр:",
    "Осенний"
  ],
  "2": [
    "Форма обучения:",
    "Дневная"
  ],
  "3": [
    "Курс:",
    "2"
  ],
  "4": [
    "Программа:",
    "мБД - Базы и банки данных(09.04.01)"
  ],
  "5": [
    "Группа:",
    "2мбд1"
  ],
  "6": [
    "Понедельник"
  ],
  "7": [
    "Время занятий",
    "Время занятий",
    "Наименование дисциплины",
    "Наименование дисциплины",
    "Вид занятий",
    "Вид занятий",
    "Периодичность занятий",
    "Периодичность занятий",
    "Аудитория",
    "Аудитория",
    "Преподаватель",
    "Преподаватель"
  ],
  "8": [
    "17:15 - 18:45",
    "Мультиагентные системы",
    "Лабораторные занятия",
    "Еженедельно",
    "521",
    "Мезенцев К.Н., Брыль В.Н."
  ],
  "9": [
    "18:50 - 20:20",
    "Мультиагентные системы",
    "Лабораторные занятия",
    "Еженедельно",
    "521",
    "Мезенцев К.Н., Брыль В.Н."
  ],
  "10": [
    "20:30 - 22:00",
    "Мультиагентные системы",
    "Лабораторные занятия",
    "Еженедельно",
    "521",
    "Мезенцев К.Н., Брыль В.Н."
  ],
  "11": [
    "Вторник"
  ],
  "12": [
    "Время занятий",
    "Время занятий",
    "Наименование дисциплины",
    "Наименование дисциплины",
    "Вид занятий",
    "Вид занятий",
    "Периодичность занятий",
    "Периодичность занятий",
    "Аудитория",
    "Аудитория",
    "Преподаватель",
    "Преподаватель"
  ],
  "13": [
    "17:15 - 18:45",
    "Методы оптимизации",
    "Лабораторные занятия",
    "Еженедельно",
    "503л",
    "Привалов А.А."
  ],
  "14": [
    "18:50 - 20:20",
    "Методы оптимизации",
    "Лабораторные занятия",
    "Еженедельно",
    "503л",
    "Привалов А.А."
  ],
  "15": [
    "20:30 - 22:00",
    "Методы оптимизации",
    "Лабораторные занятия",
    "Еженедельно",
    "503л",
    "Привалов А.А."
  ],
  "16": [
    "Среда"
  ],
  "17": [
    "Время занятий",
    "Время занятий",
    "Наименование дисциплины",
    "Наименование дисциплины",
    "Вид занятий",
    "Вид занятий",
    "Периодичность занятий",
    "Периодичность занятий",
    "Аудитория",
    "Аудитория",
    "Преподаватель",
    "Преподаватель"
  ],
  "18": [
    "15:35 - 17:05",
    "Мультиагентные системы",
    "Лекции",
    "Еженедельно",
    "713л",
    "Мезенцев К.Н."
  ],
  "19": [
    "17:15 - 18:45",
    "Научно-исследовательский семинар",
    "Практические занятия /семинар/",
    "Еженедельно",
    "603л",
    "Брагинский А.И., Хадеев А.С."
  ],
  "20": [
    "18:50 - 20:20",
    "Научно-исследовательский семинар",
    "Практические занятия /семинар/",
    "Числитель",
    "603л",
    "Брагинский А.И., Хадеев А.С."
  ],
  "21": [
    "Четверг"
  ],
  "22": [
    "Время занятий",
    "Время занятий",
    "Наименование дисциплины",
    "Наименование дисциплины",
    "Вид занятий",
    "Вид занятий",
    "Периодичность занятий",
    "Периодичность занятий",
    "Аудитория",
    "Аудитория",
    "Преподаватель",
    "Преподаватель"
  ],
  "23": [
    "17:15 - 18:45",
    "Управление проектной деятельностью",
    "Практические занятия /семинар/",
    "Числитель",
    "620л",
    "Суркова Н.Е."
  ],
  "24": [
    "17:15 - 18:45",
    "Современные проблемы информатики и вычислительной техники",
    "Лекции",
    "Знаменатель",
    "713л",
    "Брагинский А.И."
  ],
  "25": [
    "18:50 - 20:20",
    "Управление проектной деятельностью",
    "Лабораторные занятия",
    "Числитель",
    "620л",
    "Суркова Н.Е."
  ],
  "26": [
    "18:50 - 20:20",
    "Научно-исследовательская работа",
    "Практические занятия /семинар/",
    "Знаменатель",
    "620л",
    "Строганов В.Ю."
  ],
  "27": [
    "20:30 - 22:00",
    "Управление проектной деятельностью",
    "Лабораторные занятия",
    "Числитель",
    "620л",
    "Суркова Н.Е."
  ],
  "28": [
    "20:30 - 22:00",
    "Современные проблемы информатики и вычислительной техники",
    "Практические занятия /семинар/",
    "Знаменатель",
    "618л",
    "Брагинский А.И."
  ],
  "29": [
    "Пятница"
  ],
  "30": [
    "Время занятий",
    "Время занятий",
    "Наименование дисциплины",
    "Наименование дисциплины",
    "Вид занятий",
    "Вид занятий",
    "Периодичность занятий",
    "Периодичность занятий",
    "Аудитория",
    "Аудитория",
    "Преподаватель",
    "Преподаватель"
  ],
  "31": [
    "15:35 - 17:05",
    "Методы оптимизации",
    "Лекции",
    "Знаменатель",
    "206л",
    "Привалов А.А."
  ],
  "32": [
    "17:15 - 18:45",
    "Методы оптимизации",
    "Лекции",
    "Знаменатель",
    "206л",
    "Привалов А.А."
  ],
  "33": [
    "Полнодневные занятия\n",
    "Полнодневные занятия"
  ],
  "34": [
    "Пятница",
    "День самостоятельной работы",
    "Числитель"
  ],
  "35": [
    "Суббота",
    "День самостоятельной работы",
    "Еженедельно"
  ]
}